<?xml version="1.0" encoding="UTF-8"?>
<PeakList modified="2017-05-29T20:02:33">
  <PeakList1D>
    <PeakList1DHeader creator="nes" date="2017-05-29T20:02:33" expNo="6" name="nesEX64_CMC" owner="" procNo="1" source="D:/SciPrograms/Bruker/TopSpin3.5.b.91pl7/data/nes/nmr">
      <PeakPickDetails>F1=4.270838ppm, F2=4.201128ppm, MI=29.71cm, MAXI=188.17cm, PC=0.000
      </PeakPickDetails>
    </PeakList1DHeader>
    <Peak1D F1="4.2604" intensity="42.12" type="0"/>
    <Peak1D F1="4.2484" intensity="113.71" type="0"/>
    <Peak1D F1="4.2365" intensity="119.64" type="0"/>
    <Peak1D F1="4.2246" intensity="49.07" type="0"/>
  </PeakList1D>
  <PeakList1D>
    <PeakList1DHeader creator="nes" date="2017-05-29T20:02:33" expNo="6" name="nesEX64_CMC" owner="" procNo="1" source="D:/SciPrograms/Bruker/TopSpin3.5.b.91pl7/data/nes/nmr">
      <PeakPickDetails>F1=2.904618ppm, F2=2.891012ppm, MI=106.96cm, MAXI=211.94cm, PC=0.000
      </PeakPickDetails>
    </PeakList1DHeader>
    <Peak1D F1="2.8999" intensity="149.99" type="0"/>
  </PeakList1D>
  <PeakList1D>
    <PeakList1DHeader creator="nes" date="2017-05-29T20:02:33" expNo="6" name="nesEX64_CMC" owner="" procNo="1" source="D:/SciPrograms/Bruker/TopSpin3.5.b.91pl7/data/nes/nmr">
      <PeakPickDetails>F1=1.328189ppm, F2=1.283019ppm, MI=79.12cm, MAXI=231.52cm, PC=0.000
      </PeakPickDetails>
    </PeakList1DHeader>
    <Peak1D F1="1.3207" intensity="116.57" type="0"/>
    <Peak1D F1="1.3087" intensity="200.00" type="0"/>
    <Peak1D F1="1.2968" intensity="126.20" type="0"/>
  </PeakList1D>
</PeakList>
